Isabel,Manager,isabel@example.com,pass1234
Jordi,Developer,jordi@example.com,dev5678
Marta,Designer,marta@example.com,design2025
Pedro,Tester,pedro@example.com,tester999
Ana,Support,ana@example.com,support321
Luis,Analyst,luis@example.com,analyzepass
Clara,HR,clara@example.com,hr2025
Sergi,Consultant,sergi@example.com,consult456
Nuria,Admin,nuria@example.com,adminpass
Xavi,User,xavi@example.com,user7890